{"cameraMode":{"drawMode":0,"name":"Shaded","section":"Shading Mode"},"sceneLighting":true,"audioPlay":false,"sceneViewState":{"showFog":true,"showMaterialUpdate":false,"showSkybox":true,"showFlares":true,"showImageEffects":true,"showParticleSystems":true},"in2DMode":false,"pivot":{"x":-5.086764812469482,"y":3.470942497253418,"z":-14.583842277526856},"rotation":{"x":0.19474993646144868,"y":0.21574841439723969,"z":-0.04395907744765282,"w":0.9558213353157044},"size":13.282161712646485,"orthographic":false}