{"cameraMode":{"drawMode":0,"name":"Shaded","section":"Shading Mode"},"sceneLighting":false,"audioPlay":false,"sceneViewState":{"showFog":true,"showMaterialUpdate":false,"showSkybox":true,"showFlares":true,"showImageEffects":true,"showParticleSystems":true},"in2DMode":false,"pivot":{"x":5.842587947845459,"y":1.7582805156707764,"z":14.793543815612793},"rotation":{"x":0.2150244414806366,"y":-0.32788538932800295,"z":0.0769098699092865,"w":0.9167008399963379},"size":7.498846054077148,"orthographic":false}